Ruc;Razón Social;Fecha Liquidación;Sector;Segmento;Provincia;Costo Contingente;Beneficiarios
1,89172E+12;COOPERATIVA DE AHORRO Y CREDITO MULTICULTURAL INDIGENA LTDA. ENLIQUIDACION;13/2/2023;COOP - SFPS;SEGMENTO 5;TUNGURAHUA;$5.843,90;890
6,91718E+11;COOPERATIVA DE AHORRO Y CREDITO 4 DE OCTUBRE SAN FRANCISCO DE CHAMBO ENLIQUIDACION;21/12/2022;COOP - SFPS;SEGMENTO 5;CHIMBORAZO;$3.759,18;4
1,89173E+12;COOPERATIVA DE AHORRO Y CREDITO EL ESFUERZO LTDA ENLIQUIDACION;13/10/2022;COOP - SFPS;SEGMENTO 5;TUNGURAHUA;$21.035,19;331
1,1917E+12;COOPERATIVA DE AHORRO Y CREDITO 29 DE ENERO CHAGUARPAMBA ENLIQUIDACION;28/9/2022;COOP - SFPS;SEGMENTO 5;LOJA;$174.337,57;2.030
7,91747E+11;COOPERATIVA DE AHORRO Y CREDITO SOCIO AMIGO COOPSA ENLIQUIDACION;21/9/2022;COOP - SFPS;SEGMENTO 5;EL ORO;$30.118,51;455
6,91732E+11;COOPERATIVA DE AHORRO Y CREDITO LUZ DE AMERICA LTDA. ENLIQUIDACION;7/4/2022;COOP - SFPS;SEGMENTO 5;CHIMBORAZO;$12.566,28;414
9,90064E+11;SUCRE ENLIQUIDACION;24/11/2021;ASEGURADORA;;GUAYAS;$280.945,15;298
1,3917E+12;COOPERATIVA DE AHORRO Y CREDITO SAN MIGUEL DE CHIRIJO LIMITADA ENLIQUIDACION;25/10/2021;COOP - SFPS;SEGMENTO 5;MANABI;$126.238,79;1.569
5,91714E+11;COOPERATIVA DE AHORRO Y CREDITO TAWANTINSUYU LTDA. ENLIQUIDACION;1/9/2021;COOP - SFPS;SEGMENTO 5;COTOPAXI;$49.204,32;778
1,79231E+12;COOPERATIVA DE AHORRO Y CREDITO COFIPAB ENLIQUIDACION;29/7/2021;COOP - SFPS;SEGMENTO 5;COTOPAXI;$312.691,43;317
1,39179E+12;COOPERATIVA DE AHORRO Y CREDITO INTERCULTURAL BOLIVARIANA LTDA. ENLIQUIDACION;20/5/2021;COOP - SFPS;SEGMENTO 5;CHIMBORAZO;$9.124,01;171
1,79039E+12;COOPERATIVA DE AHORRO Y CREDITO SANTA CLARA DE SAN MILLAN LTDA. ENLIQUIDACION;19/5/2021;COOP - SFPS;SEGMENTO 4;PICHINCHA;$81.846,06;418
1,79225E+12;COOPERATIVA DE AHORRO Y CREDITO NUEVO AMANECER LTDA. - PICHINCHA ENLIQUIDACION;31/3/2021;COOP - SFPS;SEGMENTO 5;PICHINCHA;$7.371,92;90
5,91716E+11;COOPERATIVA DE AHORRO Y CREDITO LOS ANDES DEL COTOPAXI LTDA. ENLIQUIDACION;11/3/2021;COOP - SFPS;SEGMENTO 5;COTOPAXI;$3.612,21;5
1,8917E+12;COOPERATIVA DE AHORRO Y CREDITO DE LA CORPORACION DE ORGANIZACIONES CAMPESINAS INDIGENAS DE QUISAPINCHA COCIQ ENLIQUIDACION;24/2/2021;COOP - SFPS;SEGMENTO 5;TUNGURAHUA;$43.701,46;1.210
1,89171E+12;COOPERATIVA DE AHORRO Y CREDITO MUSHUC ÑAN LTDA. ENLIQUIDACION;16/11/2020;COOP - SFPS;SEGMENTO 4;TUNGURAHUA;$219.562,22;4.963
2,49E+12;COOPERATIVA DE AHORRO Y CREDITO VISION INTEGRAL ENLIQUIDACION;23/7/2020;COOP - SFPS;SEGMENTO 5;SANTA ELENA;$674,84;4
1,79235E+12;COOPERATIVA DE AHORRO Y CREDITO JATUN PAMBA LTDA. ENLIQUIDACION;18/6/2020;COOP - SFPS;SEGMENTO 5;PICHINCHA;$88.381,80;434
2,91505E+11;COOPERATIVA DE AHORRO Y CREDITO KULLKY MINKANA WASI LTDA ENLIQUIDACION;21/1/2020;COOP - SFPS;SEGMENTO 5;BOLIVAR;$9.256,77;56
6,91736E+11;COOPERATIVA DE AHORRO Y CREDITO MUSHUK PAKARI LTDA EN LIQUIDACION;15/1/2020;COOP - SFPS;SEGMENTO 5;CHIMBORAZO;$7.034,33;12
1,79138E+12;COOPERATIVA DE AHORRO Y CREDITO BENITO JUAREZ ENLIQUIDACION;17/10/2019;COOP - SFPS;SEGMENTO 5;PICHINCHA;$1.000,00;1
6,91737E+11;COOPERATIVA DE AHORRO Y CREDITO ACHIK PAKARI LTDA ENLIQUIDACION;30/5/2019;COOP - SFPS;SEGMENTO 5;CHIMBORAZO;$6.286,78;7
1,89172E+12;COOPERATIVA DE AHORRO Y CREDITO INDIGENA DEL ECUADOR - TUNGURAHUA ENLIQUIDACION;30/5/2019;COOP - SFPS;SEGMENTO 5;TUNGURAHUA;$76.188,99;1.392
6,91729E+11;COOPERATIVA DE AHORRO Y CREDITO TOTORAS COACTOT ENLIQUIDACION;9/5/2019;COOP - SFPS;SEGMENTO 5;CHIMBORAZO;$27.599,19;602
1,29003E+12;COOPERATIVA DE AHORRO Y CREDITO QUEVEDO LTDA. ENLIQUIDACION;23/10/2018;COOP - SFPS;SEGMENTO 4;LOS RIOS;$249.354,89;681
1,19171E+12;COOPERATIVA DE AHORRO Y CREDITO 27 DE ABRIL ENLIQUIDACION;12/10/2018;COOP - SFPS;SEGMENTO 4;LOJA;$226.286,14;3.049
3,91013E+11;COOPERATIVA DE AHORRO Y CREDITO ECUACHASKI ENLIQUIDACION;18/9/2018;COOP - SFPS;SEGMENTO 5;CANAR;$32.931,09;341
1,09172E+12;COOPERATIVA DE AHORRO Y CREDITO MARIA AUXILIADORA DE QUIROGA LTDA. ENLIQUIDACION;12/9/2018;COOP - SFPS;SEGMENTO 5;IMBABURA;$45.415,93;963
3,91014E+11;COOPERATIVA DE AHORRO Y CREDITO SINCHI CODEFIS;31/8/2018;COOP - SFPS;SEGMENTO 5;CANAR;$135.958,36;983
1,19174E+12;COOPERATIVA DE AHORRO Y CREDITO MUSHUKWASI;29/8/2018;COOP - SFPS;SEGMENTO 5;LOJA;$7.122,01;331
1,79204E+12;COOPERATIVA DE AHORRO Y CREDITO UVECOOP LTDA UNION VASCO ECUATORIANA;2/8/2018;COOP - SFPS;SEGMENTO 5;PICHINCHA;$88.514,84;1.433
9,91314E+11;COOPERATIVA DE AHORRO Y CREDITO 19 DE SEPTIEMBRE;21/6/2018;COOP - SFPS;SEGMENTO 5;GUAYAS;$72.248,46;110
5,91724E+11;COOPERATIVA DE AHORRO Y CREDITO SANTA BARBARA;14/6/2018;COOP - SFPS;SEGMENTO 5;COTOPAXI;$66.432,13;468
1,89173E+12;COOPERATIVA DE AHORRO Y CREDITO MULTISERVICIOS ENLIQUIDACION;14/6/2018;COOP - SFPS;SEGMENTO 5;TUNGURAHUA;$12.311,51;295
1,89174E+12;COOPERATIVA DE AHORRO Y CREDITO DESARROLLO POPULAR LTDA. ENLIQUIDACION;14/6/2018;COOP - SFPS;SEGMENTO 5;TUNGURAHUA;$21.785,13;381
1,9038E+11;COOPERATIVA DE AHORRO Y CREDITO FUTURO PROGRESISTA LTDA.;7/2/2018;COOP - SFPS;SEGMENTO 5;AZUAY;$12.081,32;186
5,91722E+11;COOPERATIVA DE AHORRO Y CREDITO ACCION SOLIDARIA;29/12/2017;COOP - SFPS;SEGMENTO 5;COTOPAXI;$95.011,36;1.429
1,39173E+12;COOPERATIVA DE AHORRO Y CREDITO DE LA CONSTRUCCION;28/12/2017;COOP - SFPS;SEGMENTO 5;MANABÍ;$19.808,15;1.056
1,89174E+12;COOPERATIVA DE AHORRO Y CREDITO TRINIDAD LTDA.;21/12/2017;COOP - SFPS;SEGMENTO 5;TUNGURAHUA;$35.306,46;768
1,89174E+12;COOPERATIVA DE AHORRO Y CREDITO PRODUFINSA;21/12/2017;COOP - SFPS;SEGMENTO 4;TUNGURAHUA;$80.734,52;624
1,90337E+11;COOPERATIVA DE AHORRO Y CREDITO UNION Y PROGRESO;1/12/2017;COOP - SFPS;SEGMENTO 5;AZUAY;$16.482,92;163
1,79215E+12;COOPERATIVA DE AHORRO Y CREDITO DESARROLLO INTEGRAL;17/11/2017;COOP - SFPS;SEGMENTO 5;PICHINCHA;$33.068,66;1.020
6,91715E+11;COOPERATIVA DE AHORRO Y CREDITO DESARROLLO ANDINO;22/9/2017;COOP - SFPS;SEGMENTO 5;CHIMBORAZO;$47.491,15;367
6,91723E+11;COOPERATIVA DE AHORRO Y CREDITO BANCO PROINDIO AMERICANO LTDA.;22/9/2017;COOP - SFPS;SEGMENTO 5;CHIMBORAZO;$31.278,21;403
1,89173E+12;COOPERATIVA DE AHORRO Y CREDITO MIRACHINA;22/9/2017;COOP - SFPS;SEGMENTO 5;TUNGURAHUA;$39.473,47;849
6,91727E+11;COOPERATIVA DE AHORRO Y CREDITO ÑUKA LLAKTA;18/8/2017;COOP - SFPS;SEGMENTO 5;CHIMBORAZO;$165.933,02;4.347
1,89172E+12;COOPERATIVA DE AHORRO Y CREDITO SUMAK ÑAN LTDA;28/7/2017;COOP - SFPS;SEGMENTO 5;TUNGURAHUA;$62.112,39;2.561
1,89173E+12;COOPERATIVA DE AHORRO Y CREDITO JUAN BENIGNO VELA LTDA.;7/4/2017;COOP - SFPS;SEGMENTO 5;TUNGURAHUA;$2.917,26;77
9,90593E+11;COOPERATIVA DE AHORRO Y CREDITO INSTITUTO NACIONAL DE HIGIENE LEOPOLDO IZQUIETA PEREZ;8/2/2017;COOP - SFPS;S/G;GUAYAS;$1.000,00;1
9,92225E+11;COOPERATIVA DE AHORRO Y CREDITO 27 DE AGOSTO;29/12/2016;COOP - SFPS;SEGMENTO 5;GUAYAS;$4.118,31;13
1,89172E+12;COOPERATIVA DE AHORRO Y CREDITO INKA KIPU EN LIQUIDACION;29/12/2016;COOP - SFPS;SEGMENTO 5;TUNGURAHUA;$49.302,86;109
1,89174E+12;COOPERATIVA DE AHORRO Y CREDITO CREDI OPCION EN LIQUIDACION;29/12/2016;COOP - SFPS;SEGMENTO 5;TUNGURAHUA;$32.936,56;1.091
1,89175E+12;COOPERATIVA DE AHORRO Y CREDITO JUVENTUD SOLIDARIA EN LIQUIDACION;29/12/2016;COOP - SFPS;SEGMENTO 5;TUNGURAHUA;$5.062,74;354
1,89171E+12;COOPERATIVA DE AHORRO Y CREDITO RUNAPAK RIKCHARI LTDA. EN LIQUIDACION;18/11/2016;COOP - SFPS;SEGMENTO 5;TUNGURAHUA;$24.605,91;213
1,89172E+12;COOPERATIVA DE AHORRO Y CREDITO SUMAK RUNA LTDA EN LIQUIDACION;25/7/2016;COOP - SFPS;SEGMENTO 5;TUNGURAHUA;$16.323,96;402
6,91722E+11;COOPERATIVA DE AHORRO Y CREDITO SAN ALFONSO LTDA EN LIQUIDACION;30/6/2016;COOP - SFPS;SEGMENTO 4;TUNGURAHUA;$69.601,59;566
1,4908E+12;COOPERATIVA DE AHORRO Y CREDITO MORONA LTDA. EN LIQUIDACION;30/6/2016;COOP - SFPS;SEGMENTO 5;MORONA SANTIAGO;$7.183,54;79
1,79228E+12;COOPERATIVA DE AHORRO Y CREDITO PRO DESARROLLO LTDA. EN LIQUIDACION;30/6/2016;COOP - SFPS;SEGMENTO 5;PICHINCHA;$13.856,95;437
3,91012E+11;COOPERATIVA DE AHORRO Y CREDITO LOS KAÑARIS EN LIQUIDACION;29/6/2016;COOP - SFPS;SEGMENTO 5;CAÑAR;$70.178,68;614
5,91721E+11;COOPERATIVA DE AHORRO Y CREDITO VIRGEN DEL CARMEN EN LIQUIDACION;29/6/2016;COOP - SFPS;SEGMENTO 5;COTOPAXI;$23.971,94;302
6,91711E+11;COOPERATIVA DE AHORRO Y CREDITO 7 DE OCTUBRE EN LIQUIDACION;29/6/2016;COOP - SFPS;SEGMENTO 5;CHIMBORAZO;$6.045,24;92
1,89174E+12;COOPERATIVA DE AHORRO Y CREDITO PRESTAMOS DEL SUR LTDA EN LIQUIDACION;29/6/2016;COOP - SFPS;SEGMENTO 5;TUNGURAHUA;$27.064,61;468
1,89175E+12;COOPERATIVA DE AHORRO Y CREDITO KICHWAS EN LIQUIDACION;29/6/2016;COOP - SFPS;SEGMENTO 5;TUNGURAHUA;$26.166,73;284
6,91714E+11;COOPERATIVA DE AHORRO Y CREDITO CACHA DUCHICELA EN LIQUIDACION;14/6/2016;COOP - SFPS;SEGMENTO 5;CHIMBORAZO;$61.398,73;272
6,91733E+11;COOPERATIVA DE AHORRO Y CREDITO COLTENITA AYLLUCUNAPAC LTDA  EN LIQUIDACION;14/6/2016;COOP - SFPS;SEGMENTO 5;CHIMBORAZO;$27.596,51;1.455
6,91733E+11;COOPERATIVA DE AHORRO Y CREDITO ALTAS CUMBRES LTDA EN LIQUIDACION;14/6/2016;COOP - SFPS;SEGMENTO 5;CHIMBORAZO;$1.145,96;54
9,92709E+11;COOPERATIVA DE AHORRO Y CREDITO CAJA DE ACERO DE LOS TRABAJADORES DE LA CIA. TALME S.A. EN LIQUIDACION;14/6/2016;COOP - SFPS;SEGMENTO 5;GUAYAS;$433,76;6
1,79198E+12;COOPERATIVA DE AHORRO Y CREDITO COMUNA EJIDO EN LIQUIDACION;14/6/2016;COOP - SFPS;SEGMENTO 5;PICHINCHA;$6.789,75;98
1,90323E+11;COOPERATIVA DE AHORRO Y CREDITO COLEGIO DE ARQUITECTOS DEL AZUAY EN LIQUIDACION;30/5/2016;COOP - SFPS;SEGMENTO 5;AZUAY;$15.700,43;375
1,19173E+12;COOPERATIVA DE AHORRO Y CREDITO DEL PRODUCTOR Y COMERCIANTE DE SAN LUCAS CADECPROC-SL EN LIQUIDACION;30/5/2016;COOP - SFPS;SEGMENTO 5;LOJA;$4.013,28;126
1,7921E+12;COOPERATIVA DE AHORRO Y CREDITO LA BRAMADORA EN LIQUIDACION;30/5/2016;COOP - SFPS;SEGMENTO 5;MANABÍ;$26.832,03;804
1,89174E+12;COOPERATIVA DE AHORRO Y CREDITO CODESE - ECUADOR EN LIQUIDACION;30/5/2016;COOP - SFPS;SEGMENTO 5;TUNGURAHUA;$6.584,07;231
1,59002E+12;COOPERATIVA DE AHORRO Y CREDITO UNION AMAZONICA;26/5/2016;COOP - SFPS;SEGMENTO 5;NAPO;$17.331,49;119
8,917E+11;COOPERATIVA DE AHORRO Y CREDITO DE LOS EMPLEADOS JUDICIALES DE ESMERALDAS EN LIQUIDACION;24/5/2016;COOP - SFPS;SEGMENTO 5;ESMERALDAS;$10.510,92;13
1,89174E+12;COOPERATIVA DE AHORRO Y CREDITO DESARROLLO ESCOLAR COMUNITARIO LTDA EN LIQUIDACION;24/5/2016;COOP - SFPS;SEGMENTO 5;TUNGURAHUA;$3.200,00;10
1,89175E+12;COOPERATIVA DE AHORRO Y CREDITO NUEVOS LUCHADORES EN LIQUIDACION;17/5/2016;COOP - SFPS;SEGMENTO 5;TUNGURAHUA;$6.560,13;196
5,91706E+11;COOPERATIVA DE AHORRO Y CREDITO NUEVA ESPERANZA LTDA. - LATACUNGA EN LIQUIDACION;16/5/2016;COOP - SFPS;SEGMENTO 5;COTOPAXI;$12.074,71;140
1,19008E+12;COOPERATIVA DE AHORRO Y CREDITO MERCADO CENTRO COMERCIAL LOJA;16/5/2016;COOP - SFPS;SEGMENTO 5;LOJA;$2.138,69;85
1,89172E+12;COOPERATIVA DE AHORRO Y CREDITO PRODEPA LTDA EN LIQUIDACION;16/5/2016;COOP - SFPS;SEGMENTO 5;TUNGURAHUA;$40.637,34;50
1,79239E+12;COOPERATIVA DE AHORRO Y CREDITO TAMBILLO EN LIQUIDACION;29/3/2016;COOP - SFPS;SEGMENTO 5;PICHINCHA;$33.934,19;677
9,92658E+11;COOPERATIVA DE AHORRO Y CREDITO MUNICIPAL AGROCOMERCIAL LTDA EN LIQUIDACION;24/3/2016;COOP - SFPS;SEGMENTO 5;MANABÍ;$2.446,61;70
9,92741E+11;COOPERATIVA DE AHORRO Y CREDITO LTDA. APOYO FAMILIAR EN LIQUIDACION;24/3/2016;COOP - SFPS;SEGMENTO 5;GUAYAS;$370,00;2
1,19174E+12;COOPERATIVA DE AHORRO Y CREDITO PARA EL DESARROLLO DEL SUR BANSUR LTDA EN LIQUIDACION;24/3/2016;COOP - SFPS;SEGMENTO 5;LOJA;$31.401,56;385
1,90131E+11;COOPERATIVA DE AHORRO Y CREDITO ELECTRO PAUTE EN LIQUIDACION;22/3/2016;COOP - SFPS;SEGMENTO 5;AZUAY;$83.722,14;210
9,91505E+11;COOPERATIVA DE AHORRO Y CREDITO 3 DE JUNIO DEL COLEGIO FISCAL JOSE MARIA VELASCO IBARRA EN LIQUIDACION;22/3/2016;COOP - SFPS;SEGMENTO 5;GUAYAS;$34.709,06;45
1,19173E+12;COOPERATIVA DE AHORRO Y CREDITO EL EMPRENDEDOR EN LIQUIDACION;22/3/2016;COOP - SFPS;SEGMENTO 5;LOJA;$2.240,47;51
1,79124E+12;COOPERATIVA DE AHORRO Y CREDITO VISION MUNDIAL EN LIQUIDACION;22/3/2016;COOP - SFPS;SEGMENTO 5;PICHINCHA;$24.726,75;68
1,19174E+12;COOPERATIVA DE AHORRO Y CREDITO PROBIENESTAR LTDA EN LIQUIDACION;21/3/2016;COOP - SFPS;SEGMENTO 4;LOJA;$64.547,30;1.238
1,19172E+12;COOPERATIVA DE AHORRO Y CREDITO CAMARA DE COMERCIO DE PALANDA LTDA. EN LIQUIDACION;16/3/2016;COOP - SFPS;SEGMENTO 5;ZAMORA CHINCHIPE;$23.028,87;305
1,19174E+12;COOPERATIVA DE AHORRO Y CREDITO MIGRANTES Y EMPRENDEDORES LTDA EN LIQUIDACION;16/3/2016;COOP - SFPS;SEGMENTO 5;LOJA;$24.107,80;397
1,79235E+12;COOPERATIVA DE AHORRO Y CREDITO ACCION INDIGENA EN LIQUIDACION;16/3/2016;COOP - SFPS;SEGMENTO 5;PICHINCHA;$31.387,62;36
1,89175E+12;COOPERATIVA DE AHORRO Y CREDITO CONTINENTAL EN LIQUIDACION;16/3/2016;COOP - SFPS;SEGMENTO 5;TUNGURAHUA;$38.973,30;937
1,90344E+11;COOPERATIVA DE AHORRO Y CREDITO COOPTSUR TESORO DEL SUR LTDA EN LIQUIDACION;21/10/2015;COOP - SFPS;SEGMENTO 5;AZUAY;$16.225,81;178
1,9036E+11;COOPERATIVA DE AHORRO Y CREDITO COTOPAXI PROGRESISTA EN LIQUIDACION;21/10/2015;COOP - SFPS;SEGMENTO 5;AZUAY;$1.131,56;109
2,915E+11;COOPERATIVA DE AHORRO Y CREDITO LUZ Y PROGRESO LTDA  EN LIQUIDACION;21/10/2015;COOP - SFPS;SEGMENTO 5;BOLÍVAR;$9.351,63;183
5,9171E+11;COOPERATIVA DE AHORRO Y CREDITO COTOPAXI LTDA EN LIQUIDACION EN LIQUIDACION;21/10/2015;COOP - SFPS;SEGMENTO 5;COTOPAXI;$14.684,06;359
1,89174E+12;COOPERATIVA DE AHORRO Y CREDITO REY DE LOS ANDES LTDA. EN LIQUIDACION;21/10/2015;COOP - SFPS;SEGMENTO 5;TUNGURAHUA;$1.402,01;2
1,89174E+12;COOPERATIVA DE AHORRO Y CREDITO SAN PEDRO DE PELILEO LTDA. EN LIQUIDACION;21/10/2015;COOP - SFPS;SEGMENTO 5;TUNGURAHUA;$41.115,07;487
1,89012E+12;COOPERATIVA DE AHORRO Y CREDITO CACPET TUNGURAHUA EN LIQUIDACION;24/8/2015;COOP - SFPS;SEGMENTO 2;TUNGURAHUA;$734.990,99;7.109
3,91013E+11;COOPERATIVA DE AHORRO Y CREDITO EFKA EN LIQUIDACION;20/5/2015;COOP - SFPS;SEGMENTO 5;CAÑAR;$22.210,93;650
3,91015E+11;COOPERATIVA DE AHORRO Y CREDITO FINANCIERA AMERICA COOPAMERICA LTDA. EN LIQUIDACION;20/5/2015;COOP - SFPS;SEGMENTO 5;CAÑAR;$31.189,88;184
1,89174E+12;COOPERATIVA DE AHORRO Y CREDITO SUMAK YARI EN LIQUIDACION;20/3/2015;COOP - SFPS;S/G;TUNGURAHUA;$364.473,55;7.672
1,39175E+12;COOPERATIVA DE AHORRO Y CREDITO CHARAPOTO LTDA. EN LIQUIDACION;2/12/2014;COOP - SFPS;S/G;MANABÍ;$8.780,48;170
1,29171E+12;COOPERATIVA DE AHORRO Y CREDITO CREDI-AHORRO LTDA. LOS RIOS EN LIQUIDACION;5/9/2014;COOP - SFPS;S/G;LOS RÍOS;$6.950,64;8
1,79128E+12;BANCO SUDAMERICANO EN LIQUIDACION;25/8/2014;BANCO - SFP;-;PICHINCHA;$1.721.707,57;8.334
1,29174E+12;COOPERATIVA DE AHORRO Y CREDITO EL DISCAPACITADO EN LIQUIDACION;15/8/2014;COOP - SFPS;S/G;GUAYAS;$23.730,00;30
9,9258E+11;COOPERATIVA DE AHORRO Y CREDITO GUARUMAL DEL CENTRO LTDA. EN LIQUIDACION;6/8/2014;COOP - SFPS;S/G;GUAYAS;$6.789,09;106
1,29173E+12;COOPERATIVA DE AHORRO Y CREDITO BUENA FE LTDA. EN LIQUIDACION;6/8/2014;COOP - SFPS;S/G;LOS RÍOS;$22.973,88;66
1,39177E+12;COOPERATIVA DE AHORRO Y CREDITO CRUCITA LTDA EN LIQUIDACION;19/6/2014;COOP - SFPS;S/G;MANABÍ;$6.570,97;20
1,6917E+12;COOPERATIVA DE AHORRO Y CREDITO AMAZONAS LTDA. EN LIQUIDACION;10/6/2014;COOP - SFPS;S/G;PASTAZA;$661.913,24;20.275
1,3917E+12;COOPERATIVA DE AHORRO Y CREDITO OLMEDO LTDA. EN LIQUIDACION;10/4/2014;COOP - SFPS;S/G;MANABÍ;$135.109,18;1.026
1,89172E+12;COOPERATIVA DE AHORRO Y CREDITO YUYAK RUNA LTDA. EN LIQUIDACION;10/4/2014;COOP - SFPS;S/G;TUNGURAHUA;$286.364,81;8.604
2,91511E+11;COOPERATIVA DE AHORRO Y CREDITO MONSEÑOR CANDIDO RADA LTDA EN LIQUIDACION;9/4/2014;COOP - SFPS;S/G;BOLÍVAR;$7.727,29;86
1,89171E+12;COOPERATIVA DE AHORRO Y CREDITO FORTALEZA INDIGENA EN LIQUIDACION;9/4/2014;COOP - SFPS;SEGMENTO 5;TUNGURAHUA;$9.912,16;1.169
1,79208E+12;COOPERATIVA DE AHORRO Y CREDITO COMUNIDAD EMPRESARIAL PARA EL DESARROLLO SOCIAL CEDES LTDA. EN LIQUIDACION;26/3/2014;COOP - SFPS;S/G;PICHINCHA;$118.158,18;168
1,69171E+12;COOPERATIVA DE AHORRO Y CREDITO SOL DE ORIENTE LTDA EN LIQUIDACION;8/10/2013;COOP - SFPS;S/G;PASTAZA;$15.809,49;616
1,79102E+12;COOPERATIVA DE AHORRO Y CREDITO CACPE SANTO DOMINGO EN LIQUIDACION;6/10/2013;COOP - SFPS;SEGMENTO 5;SANTO DOMINGO DE LOS TSÁCHILAS;$29.838,95;33
1,79175E+12;COOPERATIVA DE AHORRO Y CREDITO FACC FONDO DE AHORRO Y CREDITO COOPERATIVO EN LIQUIDACION;13/9/2013;COOP - SFPS;S/G;PICHINCHA;$258.993,39;398
9,92416E+11;COOPERATIVA DE AHORRO Y CREDITO MAKITA KUK EN LIQUIDACION;11/9/2013;COOP - SFPS;SEGMENTO 5;GUAYAS;$19.765,53;38
1,90323E+11;COOPERATIVA DE AHORRO Y CREDITO COOPERA EN LIQUIDACION;12/6/2013;COOP - SFPS;S/G;AZUAY;$10.203.255,85;106.497
9,90029E+11;BANCO TERRITORIAL EN LIQUIDACION;17/3/2013;BANCO - SFP;-;GUAYAS;$53.547.613,94;50.903
1,79129E+12;COOPERATIVA DE AHORRO Y CREDITO DEL DISTRITO METROPOLITANO DE QUITO AMAZONAS ENLIQUIDACION;26/4/2022;COOP - SFPS;SEGMENTO 3;PICHINCHA;$1.330.926,88;5.281
9,90162E+11;COOPERATIVA DE AHORRO Y CREDITO GRAN COLOMBIA ENLIQUIDACION;9/11/2021;COOP - SFPS;SEGMENTO 4;GUAYAS;$43.800,00;46
1,7922E+12;COOPERATIVA DE AHORRO Y CREDITO SULTANA DE LOS ANDES ENLIQUIDACION;15/9/2021;COOP - SFPS;SEGMENTO 5;PICHINCHA;$3.058,33;4
6,91703E+11;COOPERATIVA DE AHORRO Y CRÉDITO CAJA INDIGENA  PURUHA LTDA. ENLIQUIDACION;18/8/2021;COOP - SFPS;SEGMENTO 5;CHIMBORAZO;$15.958,67;100
5,9171E+11;COOPERATIVA DE AHORRO Y CREDITO EXITO LTDA. ENLIQUIDACION;8/7/2021;COOP - SFPS;SEGMENTO 5;COTOPAXI;$22.153,95;190
1,89172E+12;COOPERATIVA DE AHORRO Y CREDITO WUIÑARISHUN CRECEREMOS ENLIQUIDACION;21/4/2021;COOP - SFPS;SEGMENTO 5;TUNGURAHUA;$123.772,26;944
1,79129E+12;COOPERATIVA DE AHORRO Y CREDITO 23 DE MAYO LTDA. ENLIQUIDACION;29/9/2020;COOP - SFPS;SEGMENTO 4;PICHINCHA;$246.669,90;2.286
6,91739E+11;COOPERATIVA DE AHORRO Y CREDITO ACHUPALLAS LTDA. ENLIQUIDACION;3/9/2020;COOP - SFPS;SEGMENTO 5;CHIMBORAZO;$20.576,50;332
1,89172E+12;COOPERATIVA DE AHORRO Y CREDITO 21 DE NOVIEMBRE LTDA. ENLIQUIDACION;1/7/2020;COOP - SFPS;SEGMENTO 5;TUNGURAHUA;$43.302,50;1.132
5,91704E+11;COOPERATIVA DE AHORRO Y CREDITO FRAY MANUEL SALCEDO LTDA. ENLIQUIDACION;12/2/2020;COOP - SFPS;SEGMENTO 4;COTOPAXI;$872.695,80;3.148
2,91506E+11;COOPERATIVA DE AHORRO Y CREDITO CURI WASI LTDA ENLIQUIDACION;21/1/2020;COOP - SFPS;SEGMENTO 5;BOLIVAR;$6.100,03;101
1,89173E+12;COOPERATIVA DE AHORRO Y CREDITO SEMBRANDO UN NUEVO PAIS ENLIQUIDACION;21/1/2020;COOP - SFPS;SEGMENTO 3;TUNGURAHUA;$4.344.106,43;12.773
4,91508E+11;COOPERATIVA DE AHORRO Y CREDITO 10 DE SEPTIEMBRE ENLIQUIDACION;11/12/2019;COOP - SFPS;SEGMENTO 5;CARCHI;$3.042,82;21
9,90847E+11;COOPERATIVA DE AHORRO Y CREDITO NUESTRA SEÑORA DE LAS MERCEDES LTDA. ENLIQUIDACION;5/8/2019;COOP - SFPS;SEGMENTO 4;GUAYAS;$132.771,73;242
1,69171E+12;COOPERATIVA DE AHORRO Y CREDITO MUSHUK YUYAI - PASTAZA LTDA. ENLIQUIDACION;3/4/2019;COOP - SFPS;SEGMENTO 4;PASTAZA;$170.893,58;2.843
1,39002E+12;COOPERATIVA DE AHORRO Y CREDITO CACPE MANABI ENLIQUIDACION;4/10/2018;COOP - SFPS;SEGMENTO 5;MANABI;$23.870,13;914
7,90031E+11;COOPERATIVA DE AHORRO Y CREDITO EDUCADORES DE EL ORO LTDA;25/9/2018;COOP - SFPS;SEGMENTO 4;EL ORO;$218.060,85;326
1,89171E+12;COOPERATIVA DE AHORRO Y CREDITO KURIÑAN;16/8/2018;COOP - SFPS;SEGMENTO 5;TUNGURAHUA;$35.509,60;831
1,79228E+12;COOPERATIVA DE AHORRO Y CREDITO VENCEDORES DE PICHINCHA LTDA CACVP;20/7/2018;COOP - SFPS;SEGMENTO 5;PICHINCHA;$33.234,71;785
9,92632E+11;COOPERATIVA DE AHORRO Y CREDITO ESPERANZA Y DESARROLLO;9/5/2018;COOP - SFPS;SEGMENTO 5;GUAYAS;$152.123,54;435
6,91708E+11;COOPERATIVA DE AHORRO Y CREDITO SHOBOL LLIN LLIN LTDA;6/3/2018;COOP - SFPS;SEGMENTO 5;CHIMBORAZO;$25.497,66;298
1,89175E+12;COOPERATIVA DE AHORRO Y CREDITO AYNI- SUIZA ENLIQUIDACION;7/2/2018;COOP - SFPS;SEGMENTO 5;TUNGURAHUA;$47.552,10;316
6,91717E+11;COOPERATIVA DE AHORRO Y CREDITO ALAUSI LTDA;28/12/2017;COOP - SFPS;SEGMENTO 5;AZUAY;$75.532,94;1.621
1,79223E+12;COOPERATIVA DE AHORRO Y CREDITO COOPREVID;10/8/2017;COOP - SFPS;SEGMENTO 5;PICHINCHA;$2.061,39;3
1,19004E+12;COOPERATIVA DE AHORRO Y CREDITO CAMARA DE COMERCIO DE LOJA LTDA;4/8/2017;COOP - SFPS;SEGMENTO 3;LOJA;$1.517.929,94;9.273
1,19174E+12;COOPERATIVA DE AHORRO Y CREDITO LOJA INTERNACIONAL LTDA;4/8/2017;COOP - SFPS;SEGMENTO 3;LOJA;$1.572.881,51;3.290
1,89175E+12;COOPERATIVA DE AHORRO Y CREDITO CREDIPAC;30/6/2017;COOP - SFPS;SEGMENTO 5;TUNGURAHUA;$23.784,71;214
1,79208E+12;COOPERATIVA DE AHORRO Y CREDITO PARA EMPRESAS COMUNITARIAS COOCREDITO LTDA EN LIQUIDACION;10/3/2017;COOP - SFPS;SEGMENTO 5;PICHINCHA;$89.683,46;1.665
9,92716E+11;COOPERATIVA DE AHORRO Y CREDITO CREDIPACIFICO LTDA. - GUAYAS  EN LIQUIDACION;27/1/2017;COOP - SFPS;SEGMENTO 5;GUAYAS;$7.470,00;8
1,79077E+12;COOPERATIVA DE AHORRO Y CREDITO COFEM LTDA. EN LIQUIDACION;27/1/2017;COOP - SFPS;SEGMENTO 4;PICHINCHA;$553.601,87;4.921
1,7922E+12;COOPERATIVA DE AHORRO Y CREDITO CMB CREDI EN LIQUIDACION;13/1/2017;COOP - SFPS;SEGMENTO 4;PICHINCHA;$100.934,41;1.150
6,91727E+11;COOPERATIVA DE AHORRO Y CREDITO WUIÑAY MARKA LTDA. EN LIQUIDACION;29/12/2016;COOP - SFPS;SEGMENTO 5;CHIMBORAZO;$1.930,89;78
1,89174E+12;COOPERATIVA DE AHORRO Y CREDITO NATIVA LTDA. EN LIQUIDACION;5/12/2016;COOP - SFPS;SEGMENTO 5;TUNGURAHUA;$63.170,51;732
6,91727E+11;COOPERATIVA DE AHORRO Y CREDITO CACHA LIMITADA EN LIQUIDACION;1/11/2016;COOP - SFPS;SEGMENTO 5;CHIMBORAZO;$371.398,47;6.410
9,92183E+11;COOPERATIVA DE AHORRO Y CREDITO DEL COLEGIO FISCAL EXPERIMENTAL VICENTE ROCAFUERTE  EN LIQUIDACION;30/9/2016;COOP - SFPS;SEGMENTO 5;GUAYAS;$3.899,72;6
1,7921E+12;COOPERATIVA DE AHORRO Y CREDITO COOPERARTE LTDA. EN LIQUIDACION;3/8/2016;COOP - SFPS;SEGMENTO 4;PICHINCHA;$334.662,57;3.614
1,89171E+12;COOPERATIVA DE AHORRO Y CREDITO INTERCULTURAL TAWANTINSUYU LTDA. EN LIQUIDACION;4/7/2016;COOP - SFPS;SEGMENTO 5;TUNGURAHUA;$97.910,16;2.777
1,90341E+11;COOPERATIVA DE AHORRO Y CREDITO CUMBEÑITA LTDA. EN LIQUIDACION;30/6/2016;COOP - SFPS;SEGMENTO 5;AZUAY;$82.208,81;652
1,90368E+11;COOPERATIVA DE AHORRO Y CREDITO MANOS CONSTRUYENDO DESARROLLO MACODES EN LIQUIDACION;30/6/2016;COOP - SFPS;SEGMENTO 5;AZUAY;$78.695,11;611
5,91712E+11;COOPERATIVA DE AHORRO Y CREDITO AYLLO KUNAPAK LLANKAY LTDA EN LIQUIDACION;30/6/2016;COOP - SFPS;SEGMENTO 5;COTOPAXI;$39.223,77;568
1,29173E+12;COOPERATIVA DE AHORRO Y CREDITO MOCACHE LTDA. EN LIQUIDACION;30/6/2016;COOP - SFPS;SEGMENTO 5;LOS RÍOS;$3.097,33;36
3,91013E+11;COOPERATIVA DE AHORRO Y CREDITO DEL MIGRANTE LTDA.  EN LIQUIDACION;29/6/2016;COOP - SFPS;SEGMENTO 5;CAÑAR;$85.257,72;1.351
5,91714E+11;COOPERATIVA DE AHORRO Y CREDITO KULLKI WINARI LTDA EN LIQUIDACION;29/6/2016;COOP - SFPS;SEGMENTO 5;COTOPAXI;$63.427,71;1.374
5,91724E+11;COOPERATIVA DE AHORRO Y CREDITO SIERRA ANDINA EN LIQUIDACION;29/6/2016;COOP - SFPS;SEGMENTO 5;COTOPAXI;$21.433,65;563
5,91714E+11;COOPERATIVA DE AHORRO Y CREDITO LOS CHASQUIS PASTOCALLE LTDA. EN LIQUIDACION;21/6/2016;COOP - SFPS;SEGMENTO 5;COTOPAXI;$55.662,85;99
1,79206E+12;COOPERATIVA DE AHORRO Y CREDITO COOPERARE EN LIQUIDACION;21/6/2016;COOP - SFPS;SEGMENTO 5;PICHINCHA;$53.692,23;83
1,79006E+12;SOCIEDAD FINANCIERA PROINCO EN LIQUIDACION;13/6/2016;BANCO - SFP;-;PICHINCHA;$222.701,04;10
2,91511E+11;COOPERATIVA DE AHORRO Y CREDITO WIÑARIK KAWSAY EN LIQUIDACION;30/5/2016;COOP - SFPS;SEGMENTO 5;BOLÍVAR;$15.344,15;138
5,91714E+11;COOPERATIVA DE AHORRO Y CREDITO EL MIRADOR EN LIQUIDACION;30/5/2016;COOP - SFPS;SEGMENTO 5;COTOPAXI;$34.587,31;508
1,89174E+12;COOPERATIVA DE AHORRO Y CREDITO VALLE DEL SOL EN LIQUIDACION;30/5/2016;COOP - SFPS;SEGMENTO 5;TUNGURAHUA;$106.339,86;1.311
6,91708E+11;COOPERATIVA DE AHORRO Y CREDITO RUNA SAPI EN LIQUIDACION;26/5/2016;COOP - SFPS;SEGMENTO 5;CHIMBORAZO;$21.227,01;30
5,91715E+11;COOPERATIVA DE AHORRO Y CREDITO MUSHUK MUYU LTDA;17/5/2016;COOP - SFPS;SEGMENTO 5;COTOPAXI;$3.759,59;11
1,89171E+12;COOPERATIVA DE AHORRO Y CREDITO 15 DE DICIEMBRE LINDERO LTDA  EN LIQUIDACION;16/5/2016;COOP - SFPS;SEGMENTO 5;TUNGURAHUA;$14.458,24;461
9,92165E+11;COOPERATIVA DE AHORRO Y CREDITO EDUCADORES DEL GUAYAS LTDA. EN LIQUIDACION;5/4/2016;COOP - SFPS;SEGMENTO 5;GUAYAS;$29.265,25;35
1,09001E+12;COOPERATIVA DE AHORRO Y CREDITO MAESTROS ASOCIADOS DE IMBABURA LTDA EN LIQUIDACION;30/3/2016;COOP - SFPS;SEGMENTO 4;IMBABURA;$672.108,72;906
9,92174E+11;COOPERATIVA DE AHORRO Y CREDITO DE EMPLEADOS JUDICIALES DEL GUAYAS ENLIQUIDACION;24/3/2016;COOP - SFPS;SEGMENTO 5;GUAYAS;$24.563,38;30
2,91506E+11;COOPERATIVA DE AHORRO Y CREDITO INTIÑAN LTDA EN LIQUIDACION;16/3/2016;COOP - SFPS;SEGMENTO 5;BOLÍVAR;$18.435,57;280
1,89174E+12;COOPERATIVA DE AHORRO Y CREDITO KURI WASI LTDA EN LIQUIDACION;29/12/2015;COOP - SFPS;SEGMENTO 5;TUNGURAHUA;$128.718,69;3.148
6,91734E+11;COOPERATIVA DE AHORRO Y CREDITO INTI LTDA.  EN LIQUIDACION;7/12/2015;COOP - SFPS;SEGMENTO 5;CHIMBORAZO;$27.247,01;36
1,89171E+12;COOPERATIVA DE AHORRO Y CREDITO NUEVA ESPERANZA Y DESARROLLO EN LIQUIDACION;21/10/2015;COOP - SFPS;SEGMENTO 5;TUNGURAHUA;$2.942,82;8
1,79207E+12;COOPERATIVA DE AHORRO Y CREDITO CAPITALIZA LTDA. EN LIQUIDACION;31/3/2015;COOP - SFPS;SEGMENTO 5;GUAYAS;$2.640,34;8
1,19173E+12;COOPERATIVA DE AHORRO Y CREDITO PROSPERAR LTDA. EN LIQUIDACION;19/6/2014;COOP - SFPS;S/G;LOJA;$19.676,64;601
1,3901E+12;COOPERATIVA DE AHORRO Y CREDITO ARCO IRIS LTDA. EN LIQUIDACION;19/6/2014;COOP - SFPS;S/G;MANABÍ;$39.583,66;123
7,91753E+11;COOPERATIVA DE AHORRO Y CREDITO PUKRO LTDA EN LIQUIDACION;20/5/2014;COOP - SFPS;S/G;EL ORO;$1.319,30;61
6,91733E+11;COOPERATIVA DE AHORRO Y CREDITO ACCION CHIMBORAZO LTDA EN LIQUIDACION;27/1/2014;COOP - SFPS;S/G;CHIMBORAZO;$37.705,93;46
6,91723E+11;COOPERATIVA DE AHORRO Y CREDITO SANTIAGO DE QUITO LTDA EN LIQUIDACION;21/10/2013;COOP - SFPS;S/G;CHIMBORAZO;$18.606,67;43
1,79098E+12;COOPERATIVA DE AHORRO Y CREDITO JUAN DE SALINAS;9/8/2022;COOP - SFPS;SEGMENTO 4;PICHINCHA;$1.868.838,03;4.613
1,79191E+12;COOPERATIVA DE AHORRO Y CREDITO DON BOSCO ENLIQUIDACION;29/3/2022;COOP - SFPS;SEGMENTO 5;PICHINCHA;$158.291,10;226
8,90041E+11;COOPERATIVA DE AHORRO Y CREDITO AFRO ECUATORIANA DE LA PEQUEÑA EMPRESA LTDA CACAEPE ENLIQUIDACION;19/2/2020;COOP - SFPS;SEGMENTO 5;ESMERALDAS;$12.303,00;19
9,91502E+11;COOPERATIVA DE AHORRO Y CREDITO DEL PERSONAL DE LA C.T.G. ENLIQUIDACION;17/1/2020;COOP - SFPS;SEGMENTO 5;GUAYAS;$31.343,95;35
8,91713E+11;COOPERATIVA DE AHORRO Y CREDITO ESMERALDAS SOLIDARIA LTDA. ENLIQUIDACION;3/10/2019;COOP - SFPS;SEGMENTO 5;ESMERALDAS;$10.571,07;60
9,90622E+11;"COOPERATIVA DE AHORRO Y CREDITO \ E.T.G.\"" LTDA."" ENLIQUIDACION";24/1/2019;COOP - SFPS;SEGMENTO 4;GUAYAS;$51.175,82;86
1,79234E+12;COOPERATIVA DE AHORRO Y CREDITO SISA ÑAN;7/2/2018;COOP - SFPS;SEGMENTO 5;PICHINCHA;$4.488,68;5
1,79179E+12;COOPERATIVA DE AHORRO Y CREDITO COLEGIO DE ARQUITECTOS DEL ECUADOR PROVINCIAL DE PICHINCHA LTDA. CAE P EN LIQUIDACION;18/11/2016;COOP - SFPS;SEGMENTO 5;PICHINCHA;$22.863,84;99
1,89173E+12;COOPERATIVA DE AHORRO Y CREDITO LUZ DE AMERICA LTDA  EN LIQUIDACION;1/11/2016;COOP - SFPS;SEGMENTO 5;TUNGURAHUA;$59.705,91;1.118
1,90076E+11;COOPERATIVA DE AHORRO Y CREDITO ARTESANAL DEL AZUAY EN LIQUIDACION;26/10/2016;COOP - SFPS;SEGMENTO 4;AZUAY;$185.945,72;4.765
1,89172E+12;COOPERATIVA DE AHORRO Y CREDITO LLANKAK RUNA LTDA. EN LIQUIDACION;14/10/2016;COOP - SFPS;SEGMENTO 5;TUNGURAHUA;$155.416,47;3.287
1,89172E+12;COOPERATIVA DE AHORRO Y CREDITO SALASACA EN LIQUIDACION;29/7/2016;COOP - SFPS;SEGMENTO 4;TUNGURAHUA;$178.816,09;4.573
3,91008E+11;COOPERATIVA DE AHORRO Y CREDITO WIÑARIY INTERCULTURAL PARA EL FOMENTO EN LIQUIDACION;12/7/2016;COOP - SFPS;SEGMENTO 4;CAÑAR;$222.516,06;2.777
1,79213E+12;COOPERATIVA DE AHORRO Y CREDITO INTI NAN LTDA. EN LIQUIDACION;12/7/2016;COOP - SFPS;SEGMENTO 4;PICHINCHA;$333.274,86;6.556
1,89172E+12;COOPERATIVA DE AHORRO Y CREDITO SAN MIGUEL DE ANGAHUANA ALTO EN LIQUIDACION;29/6/2016;COOP - SFPS;SEGMENTO 5;TUNGURAHUA;$23.166,78;27
1,89172E+12;COOPERATIVA DE AHORRO Y CREDITO INTERCULTURAL TARPUK RUNA LTDA. EN LIQUIDACION;23/6/2016;COOP - SFPS;SEGMENTO 4;TUNGURAHUA;$263.787,74;7.807
1,89173E+12;COOPERATIVA DE AHORRO Y CREDITO CREDI - LATINA EN LIQUIDACION;28/4/2016;COOP - SFPS;SEGMENTO 5;TUNGURAHUA;$38.143,47;42
1,79198E+12;COOPERATIVA DE AHORRO Y CREDITO SANTA FE EN LIQUIDACION;5/4/2016;COOP - SFPS;SEGMENTO 5;PICHINCHA;$77.616,44;737
1,19008E+12;COOPERATIVA DE AHORRO Y CREDITO DE LA PEQUEÑA EMPRESA CACPE MACARA EN LIQUIDACION;24/3/2016;COOP - SFPS;SEGMENTO 4;LOJA;$365.302,13;8.612
1,89172E+12;COOPERATIVA DE AHORRO Y CREDITO PAKARYMUY - AMANECIENDO EN LIQUIDACION;21/3/2016;COOP - SFPS;SEGMENTO 5;TUNGURAHUA;$425.134,77;7.347
1,89172E+12;COOPERATIVA DE AHORRO Y CREDITO TUNGURAHUA LTDA. EN LIQUIDACION;29/12/2015;COOP - SFPS;SEGMENTO 5;TUNGURAHUA;$245.309,39;2.706
1,89172E+12;COOPERATIVA DE AHORRO Y CREDITO TRES ESQUINAS LIQUIDACION EN LIQUIDACION;29/12/2015;COOP - SFPS;SEGMENTO 5;TUNGURAHUA;$118.889,94;3.795
6,91702E+11;COOPERATIVA DE AHORRO Y CREDITO ACCION RURAL LTDA EN LIQUIDACION;24/8/2015;COOP - SFPS;SEGMENTO 2;CHIMBORAZO;$7.872.238,74;46.311
7,90058E+11;COOPERATIVA DE AHORRO Y CREDITO EMPLEADOS BANCARIOS DE EL ORO LTDA EN LIQUIDACION;28/5/2014;COOP - SFPS;S/G;EL ORO;$77.923,79;1.662
1,90156E+11;COOPERATIVA DE AHORRO Y CREDITO DE LA PEQUEÑA EMPRESA CACPE UROCAL EN LIQUIDACION;10/4/2014;COOP - SFPS;S/G;AZUAY;$326.716,98;7.894
5,91723E+11;COOPERATIVA DE AHORRO Y CREDITO QUILOTOA ENLIQUIDACION;18/3/2019;COOP - SFPS;SEGMENTO 5;COTOPAXI;$351.471,82;779
1,79243E+12;COOPERATIVA DE AHORRO Y CREDITO RENOVADORA ECUATORIANA CON ACCION RESPONSABLE;22/2/2018;COOP - SFPS;SEGMENTO 5;PICHINCHA;$70.083,31;485
1,89174E+12;COOPERATIVA DE AHORRO Y CREDITO PRODUACTIVA LTDA.;21/12/2017;COOP - SFPS;SEGMENTO 4;TUNGURAHUA;$269.704,22;3.625
1,89173E+12;COOPERATIVA DE AHORRO Y CREDITO SAN FRANCISCO DE CHIBULEO;25/8/2017;COOP - SFPS;SEGMENTO 5;TUNGURAHUA;$101.998,63;182
6,91731E+11;COOPERATIVA DE AHORRO Y CREDITO PACIFICO;2/8/2017;COOP - SFPS;SEGMENTO 4;CHIMBORAZO;$335.624,27;6.347
1,79053E+12;COOPERATIVA DE AHORRO Y CREDITO EJERCITO NACIONAL EN LIQUIDACION;21/1/2015;COOP - SFPS;S/G;PICHINCHA;$4.673.173,41;8.589
1,19008E+12;COOPERATIVA DE AHORRO Y CREDITO NUEVOS HORIZONTES LOJA LTDA. EN LIQUIDACION;9/5/2014;COOP - SFPS;S/G;LOJA;$644.316,94;4.672
1,90332E+11;COOPERATIVA DE AHORRO Y CREDITO PRIMERO DE ENERO DEL AUSTRO EN LIQUIDACION;20/6/2013;COOP - SFPS;S/G;AZUAY;$375.376,18;7.561
1,79194E+12;COOPERATIVA DE AHORRO Y CREDITO CHOCO TUNGURAHUA RUNA LTDA.;7/12/2017;COOP - SFPS;SEGMENTO 3;PICHINCHA;$3.419.394,60;17.450
1,89174E+12;COOPERATIVA DE AHORRO Y CREDITO ALLI KAWSAY;23/6/2017;COOP - SFPS;SEGMENTO 5;TUNGURAHUA;$44.363,36;57
1,19172E+12;COOPERATIVA DE AHORRO Y CREDITO DE PROFESIONALES DE LOJA EN LIQUIDACION;21/3/2016;COOP - SFPS;SEGMENTO 5;LOJA;$84.061,83;1.478
1,09172E+12;COOPERATIVA DE AHORRO Y CREDITO ESCENCIA INDIGENA LTDA EN LIQUIDACION;29/5/2017;COOP - SFPS;SEGMENTO 3;TUNGURAHUA;$4.788.030,00;20.695
1,7922E+12;COOPERATIVA DE AHORRO Y CREDITO ALANGASI LIMITADA ENLIQUIDACION;2/6/2022;COOP - SFPS;SEGMENTO 5;PICHINCHA;$253.835,76;377
